<?xml version="1.0" encoding="utf-8"?>
<feed xmlns="http://www.w3.org/2005/Atom">
  <title>Lionel</title>
  
  <subtitle>Te Amo Messi</subtitle>
  <link href="/atom.xml" rel="self"/>
  
  <link href="https://www.lionel.fun/"/>
  <updated>2018-08-01T12:25:32.756Z</updated>
  <id>https://www.lionel.fun/</id>
  
  <author>
    <name>Eric Villa</name>
    
  </author>
  
  <generator uri="http://hexo.io/">Hexo</generator>
  
  <entry>
    <title>剑三PVE冰心基本输出思路</title>
    <link href="https://www.lionel.fun/2018/08/01/bx/"/>
    <id>https://www.lionel.fun/2018/08/01/bx/</id>
    <published>2018-07-31T16:19:31.000Z</published>
    <updated>2018-08-01T12:25:32.756Z</updated>
    
    <content type="html"><![CDATA[<h3 id="输出思路"><a href="#输出思路" class="headerlink" title="输出思路"></a>输出思路</h3><h2 id="倒数前"><a href="#倒数前" class="headerlink" title="倒数前"></a>倒数前</h2><p>奇穴最后一层洗轻妒</p><h2 id="倒数时"><a href="#倒数时" class="headerlink" title="倒数时"></a>倒数时</h2><p>梵音 然后轻妒洗清涓<br>与此同时如果有特效腰坠就更换使用后切回(设置方便的快捷键切换 不然可能来不及)</p><h2 id="开打时"><a href="#开打时" class="headerlink" title="开打时"></a>开打时</h2><p>无脑按宏<br>当卡的梵音要用完前的最近的剑破就在按宏中剑破打出去的刹那按梵音 去卡掉梵音的gcd</p><h2 id="战斗中-当梵音cd好了时候"><a href="#战斗中-当梵音cd好了时候" class="headerlink" title="战斗中,当梵音cd好了时候"></a>战斗中,当梵音cd好了时候</h2><p>判断接下来30秒是否适合开梵音 如果适合就cd好了就用…不然就等到合适时间再开<br>有些boss 有rush的阶段的 比如锻刀厅老四出小机器人的前和后都是必定要把梵音留到那里</p><h3 id="冰心宏"><a href="#冰心宏" class="headerlink" title="冰心宏"></a>冰心宏</h3><figure class="highlight bash"><table><tr><td class="gutter"><pre><span class="line">1</span><br><span class="line">2</span><br></pre></td><td class="code"><pre><span class="line">/cast 剑破虚空</span><br><span class="line">/cast 玳弦急曲</span><br></pre></td></tr></table></figure><h3 id="配装加速"><a href="#配装加速" class="headerlink" title="配装加速"></a>配装加速</h3><p>大概在500+ 自己觉得从开场到玳弦急曲读条1.88s的时间觉得适当就可以</p><h2 id="奇穴"><a href="#奇穴" class="headerlink" title="奇穴"></a>奇穴</h2><p>  明妃(青梅嗅是看团队配置决定的，本队是否有2个秀秀等)，千里冰封，新妆，青梅，枕上，生莲，望舒，元君，霜风，朝露，焕颜，清涓<br>*如果本队有2个秀秀可以商榷其中一个秀秀可以洗青梅嗅,最后一层奇穴洗霜降,一定要配合好,不然会拖累团队的哦</p><h2 id="秘笈"><a href="#秘笈" class="headerlink" title="秘笈"></a>秘笈</h2><p>玳弦急曲(3本招式伤害+1本招式范围)<br>江海凝光(2本会心+2本招式伤害)<br>繁音急节(3本调息时间+1本满堂)<br>天地低昂(2本调息时间+1本持续效果时间+1本招式持续回血)<br>心鼓弦(3本调息时间+1本招式范围)</p><h3 id="关于新版本洗群攻略正在摸索中"><a href="#关于新版本洗群攻略正在摸索中" class="headerlink" title="关于新版本洗群攻略正在摸索中"></a>关于新版本洗群攻略正在摸索中</h3><p>有什么建议 欢迎提出~</p>]]></content>
    
    <summary type="html">
    
      
      
        &lt;h3 id=&quot;输出思路&quot;&gt;&lt;a href=&quot;#输出思路&quot; class=&quot;headerlink&quot; title=&quot;输出思路&quot;&gt;&lt;/a&gt;输出思路&lt;/h3&gt;&lt;h2 id=&quot;倒数前&quot;&gt;&lt;a href=&quot;#倒数前&quot; class=&quot;headerlink&quot; title=&quot;倒数前&quot;&gt;&lt;/a&gt;倒数
      
    
    </summary>
    
    
      <category term="剑网三" scheme="https://www.lionel.fun/tags/%E5%89%91%E7%BD%91%E4%B8%89/"/>
    
  </entry>
  
  <entry>
    <title>建站新手教程之LNMP部署</title>
    <link href="https://www.lionel.fun/2018/06/20/lnmp/"/>
    <id>https://www.lionel.fun/2018/06/20/lnmp/</id>
    <published>2018-06-20T11:21:16.000Z</published>
    <updated>2018-06-20T12:32:46.662Z</updated>
    
    <content type="html"><![CDATA[<h2 id="LNMP一键安装包是什么"><a href="#LNMP一键安装包是什么" class="headerlink" title="LNMP一键安装包是什么?"></a>LNMP一键安装包是什么?</h2><p>LNMP一键安装包是一个用Linux里的Shell编写的可以为CentOS/RHEL/Fedora/Aliyun/Amazon、Debian/Ubuntu/Raspbian/Deepin的VPS或独立主机安装LNMP【Nginx/MySQL/PHP】、LNMPA【Nginx/MySQL/PHP/Apache】、LAMP【Apache/MySQL/PHP】生产环境的Shell程序。<br>我们为什么需要它?<br>编译安装需要输入大量的命令，如果是配置生产环境需要耗费大量的时间。<br>不会Linux的站长或Linux新手想使用Linux作为生产环境……</p><h2 id="它有什么优势和功能"><a href="#它有什么优势和功能" class="headerlink" title="它有什么优势和功能?"></a>它有什么优势和功能?</h2><p>无需一个一个的输入命令，无需值守，编译安装优化编译参数，提高性能，解决不必要的软件间依赖，特别针对配置自动优化。</p><p>支持自定义Nginx、PHP编译参数及网站和数据库目录、支持生成LetseEcrypt证书、LNMP模式支持多PHP版本、支持单独安装Nginx/MySQL/MariaDB/Pureftpd服务器，同时提供一些实用的辅助工具如：虚拟主机管理、FTP用户管理、Nginx、MySQL/MariaDB、PHP的升级、常用缓存组件Redis/Xcache等的安装、重置MySQL root密码、502自动重启、日志切割、SSH防护DenyHosts/Fail2Ban、备份等许多实用脚本。</p><h2 id="我们为什么采用LNMP这种架构"><a href="#我们为什么采用LNMP这种架构" class="headerlink" title="我们为什么采用LNMP这种架构?"></a>我们为什么采用LNMP这种架构?</h2><p>  采用Linux、PHP、MySQL的优点我们不必多说。</p><p>  Nginx是一个小巧而高效的Linux下的Web服务器软件，是由 Igor Sysoev 为俄罗斯访问量第二的 Rambler.ru 站点开发的，已经在一些俄罗斯的大型网站上运行多年，目前很多国内外的门户网站、行业网站也都在是使用Nginx，相当的稳定。</p><p>  Nginx相当的稳定、功能丰富、安装配置简单、低系统资源……</p><p>  本文内容来自 <a href="https://lnmp.org/" target="_blank" rel="noopener">https://lnmp.org/</a> 非常感谢军哥给予大家的方便</p><h2 id="如何获取并安装最新版本的LNMP"><a href="#如何获取并安装最新版本的LNMP" class="headerlink" title="如何获取并安装最新版本的LNMP"></a>如何获取并安装最新版本的LNMP</h2><p>1、使用putty或类似的SSH工具登陆VPS或服务器；</p><p>登陆后运行：<br><code>screen -S lnmp</code><br>如果提示screen: command not found 命令不存在可以执行：</p><h3 id="如果你使用的系统是Debian、Ubuntu"><a href="#如果你使用的系统是Debian、Ubuntu" class="headerlink" title="如果你使用的系统是Debian、Ubuntu"></a>如果你使用的系统是Debian、Ubuntu</h3><p><code>apt-get -y install screen</code></p><h3 id="如果你使用的系统是Centos"><a href="#如果你使用的系统是Centos" class="headerlink" title="如果你使用的系统是Centos"></a>如果你使用的系统是Centos</h3><p><code>yum -y install screen</code>   </p><p>2、下载并安装LNMP一键安装包：</p><figure class="highlight bash"><table><tr><td class="gutter"><pre><span class="line">1</span><br></pre></td><td class="code"><pre><span class="line">wget -c http://soft.vpser.net/lnmp/lnmp1.5.tar.gz &amp;&amp; tar zxf lnmp1.5.tar.gz &amp;&amp; <span class="built_in">cd</span> lnmp1.5 &amp;&amp; ./install.sh lnmp</span><br></pre></td></tr></table></figure><h2 id="未完待续"><a href="#未完待续" class="headerlink" title="未完待续"></a>未完待续</h2>]]></content>
    
    <summary type="html">
    
      
      
        &lt;h2 id=&quot;LNMP一键安装包是什么&quot;&gt;&lt;a href=&quot;#LNMP一键安装包是什么&quot; class=&quot;headerlink&quot; title=&quot;LNMP一键安装包是什么?&quot;&gt;&lt;/a&gt;LNMP一键安装包是什么?&lt;/h2&gt;&lt;p&gt;LNMP一键安装包是一个用Linux里的Shell编写的
      
    
    </summary>
    
    
      <category term="新手教程" scheme="https://www.lionel.fun/tags/%E6%96%B0%E6%89%8B%E6%95%99%E7%A8%8B/"/>
    
  </entry>
  
  <entry>
    <title>LNMP开启TLS1.3</title>
    <link href="https://www.lionel.fun/2018/06/07/tls/"/>
    <id>https://www.lionel.fun/2018/06/07/tls/</id>
    <published>2018-06-07T13:52:54.000Z</published>
    <updated>2018-06-13T17:42:53.067Z</updated>
    
    <content type="html"><![CDATA[<h3 id="部署openssl-1-1-1pre1"><a href="#部署openssl-1-1-1pre1" class="headerlink" title="部署openssl-1.1.1pre1"></a>部署openssl-1.1.1pre1</h3><p>  首先下载openssl-1.1.1pre1并解压后,把文件夹重命名为openssl<br><figure class="highlight bash"><table><tr><td class="gutter"><pre><span class="line">1</span><br><span class="line">2</span><br><span class="line">3</span><br></pre></td><td class="code"><pre><span class="line">wget https://www.openssl.org/<span class="built_in">source</span>/openssl-1.1.1-pre1.tar.gz</span><br><span class="line">tar xzf openssl-1.1.1-pre1.tar.gz</span><br><span class="line">mv openssl-1.1.1-pre1 openssl</span><br></pre></td></tr></table></figure></p>  <a id="more"></a><p>  当前openssl还是在开发阶段,所以版本还未很统一,我选择了兼容性较好的一个,详情更多版本可以看官方github <a href="https://github.com/openssl" target="_blank" rel="noopener">传送门</a></p><h3 id="修改LNMP升级脚本重新编译Nginx"><a href="#修改LNMP升级脚本重新编译Nginx" class="headerlink" title="修改LNMP升级脚本重新编译Nginx"></a>修改LNMP升级脚本重新编译Nginx</h3><figure class="highlight bash"><table><tr><td class="gutter"><pre><span class="line">1</span><br><span class="line">2</span><br><span class="line">3</span><br><span class="line">4</span><br><span class="line">5</span><br></pre></td><td class="code"><pre><span class="line"><span class="built_in">cd</span> /root/lnmp1.5/include/</span><br><span class="line">rm -rf upgrade_nginx.sh</span><br><span class="line">wget http://code.gze.me/upgrade_nginx.sh</span><br><span class="line"><span class="built_in">cd</span> ..</span><br><span class="line">./upgrade.sh</span><br></pre></td></tr></table></figure><p>  然后,后面的选择的版本可以看自己的需要选择,我选择了1.14.0</p><h3 id="最后一步-修改Nginx网站配置文件"><a href="#最后一步-修改Nginx网站配置文件" class="headerlink" title="最后一步,修改Nginx网站配置文件"></a>最后一步,修改Nginx网站配置文件</h3><p>  打开需要开启tls1.3网站的配置文件 &#123; abc.com为你要修改的网站域名 &#125;</p><figure class="highlight bash"><table><tr><td class="gutter"><pre><span class="line">1</span><br></pre></td><td class="code"><pre><span class="line">vi /usr/<span class="built_in">local</span>/nginx/conf/vhost/www.abc.com.conf</span><br></pre></td></tr></table></figure><p>  替换ssl_protocols参数 加上Tls1.3<br><figure class="highlight bash"><table><tr><td class="gutter"><pre><span class="line">1</span><br></pre></td><td class="code"><pre><span class="line">ssl_protocols TLSv1 TLSv1.1 TLSv1.2 TLSv1.3;</span><br></pre></td></tr></table></figure></p><p>   替换ssl_ciphers参数<br><figure class="highlight bash"><table><tr><td class="gutter"><pre><span class="line">1</span><br></pre></td><td class="code"><pre><span class="line">ssl_ciphers <span class="string">"TLS13-AES-256-GCM-SHA384:TLS13-AES-128-GCM-SHA256:ECDHE-ECDSA-CHACHA20-POLY1305:ECDHE-RSA-CHACHA20-POLY1305:ECDHE-ECDSA-CHACHA20-POLY1305-D:ECDHE-RSA-CHACHA20-POLY1305-D:ECDHE-ECDSA-AES128-GCM-SHA256:ECDHE-ECDSA-AES256-GCM-SHA384:ECDHE-ECDSA-AES128-SHA256:ECDHE-ECDSA-AES128-SHA:ECDHE-ECDSA-AES256-SHA384:ECDHE-ECDSA-AES256-SHA:ECDHE-RSA-AES128-GCM-SHA256:ECDHE-RSA-AES256-GCM-SHA384:ECDHE-RSA-AES256-SHA:ECDHE-RSA-AES128-SHA256:ECDHE-RSA-AES128-SHA:ECDHE-RSA-AES256-SHA384"</span>;</span><br></pre></td></tr></table></figure></p><p>   然后重启LNMP就有可以看到已经开启成功</p><h3 id="未续待完"><a href="#未续待完" class="headerlink" title="未续待完"></a>未续待完</h3>]]></content>
    
    <summary type="html">
    
      &lt;h3 id=&quot;部署openssl-1-1-1pre1&quot;&gt;&lt;a href=&quot;#部署openssl-1-1-1pre1&quot; class=&quot;headerlink&quot; title=&quot;部署openssl-1.1.1pre1&quot;&gt;&lt;/a&gt;部署openssl-1.1.1pre1&lt;/h3&gt;&lt;p&gt;  首先下载openssl-1.1.1pre1并解压后,把文件夹重命名为openssl&lt;br&gt;&lt;figure class=&quot;highlight bash&quot;&gt;&lt;table&gt;&lt;tr&gt;&lt;td class=&quot;gutter&quot;&gt;&lt;pre&gt;&lt;span class=&quot;line&quot;&gt;1&lt;/span&gt;&lt;br&gt;&lt;span class=&quot;line&quot;&gt;2&lt;/span&gt;&lt;br&gt;&lt;span class=&quot;line&quot;&gt;3&lt;/span&gt;&lt;br&gt;&lt;/pre&gt;&lt;/td&gt;&lt;td class=&quot;code&quot;&gt;&lt;pre&gt;&lt;span class=&quot;line&quot;&gt;wget https://www.openssl.org/&lt;span class=&quot;built_in&quot;&gt;source&lt;/span&gt;/openssl-1.1.1-pre1.tar.gz&lt;/span&gt;&lt;br&gt;&lt;span class=&quot;line&quot;&gt;tar xzf openssl-1.1.1-pre1.tar.gz&lt;/span&gt;&lt;br&gt;&lt;span class=&quot;line&quot;&gt;mv openssl-1.1.1-pre1 openssl&lt;/span&gt;&lt;br&gt;&lt;/pre&gt;&lt;/td&gt;&lt;/tr&gt;&lt;/table&gt;&lt;/figure&gt;&lt;/p&gt;
    
    </summary>
    
    
      <category term="网络安全" scheme="https://www.lionel.fun/tags/%E7%BD%91%E7%BB%9C%E5%AE%89%E5%85%A8/"/>
    
  </entry>
  
</feed>
