{"meta":{"title":"Lionel","subtitle":"Te Amo Messi","description":null,"author":"Eric Villa","url":"https://www.lionel.fun"},"pages":[],"posts":[{"title":"剑三PVE冰心基本输出思路","slug":"bx","date":"2018-07-31T16:19:31.000Z","updated":"2018-08-01T12:25:32.756Z","comments":true,"path":"2018/08/01/bx/","link":"","permalink":"https://www.lionel.fun/2018/08/01/bx/","excerpt":"","text":"输出思路倒数前奇穴最后一层洗轻妒 倒数时梵音 然后轻妒洗清涓与此同时如果有特效腰坠就更换使用后切回(设置方便的快捷键切换 不然可能来不及) 开打时无脑按宏当卡的梵音要用完前的最近的剑破就在按宏中剑破打出去的刹那按梵音 去卡掉梵音的gcd 战斗中,当梵音cd好了时候判断接下来30秒是否适合开梵音 如果适合就cd好了就用…不然就等到合适时间再开有些boss 有rush的阶段的 比如锻刀厅老四出小机器人的前和后都是必定要把梵音留到那里 冰心宏12/cast 剑破虚空/cast 玳弦急曲 配装加速大概在500+ 自己觉得从开场到玳弦急曲读条1.88s的时间觉得适当就可以 奇穴 明妃(青梅嗅是看团队配置决定的，本队是否有2个秀秀等)，千里冰封，新妆，青梅，枕上，生莲，望舒，元君，霜风，朝露，焕颜，清涓*如果本队有2个秀秀可以商榷其中一个秀秀可以洗青梅嗅,最后一层奇穴洗霜降,一定要配合好,不然会拖累团队的哦 秘笈玳弦急曲(3本招式伤害+1本招式范围)江海凝光(2本会心+2本招式伤害)繁音急节(3本调息时间+1本满堂)天地低昂(2本调息时间+1本持续效果时间+1本招式持续回血)心鼓弦(3本调息时间+1本招式范围) 关于新版本洗群攻略正在摸索中有什么建议 欢迎提出~","categories":[],"tags":[{"name":"剑网三","slug":"剑网三","permalink":"https://www.lionel.fun/tags/剑网三/"}]},{"title":"建站新手教程之LNMP部署","slug":"lnmp","date":"2018-06-20T11:21:16.000Z","updated":"2018-06-20T12:32:46.662Z","comments":true,"path":"2018/06/20/lnmp/","link":"","permalink":"https://www.lionel.fun/2018/06/20/lnmp/","excerpt":"","text":"LNMP一键安装包是什么?LNMP一键安装包是一个用Linux里的Shell编写的可以为CentOS/RHEL/Fedora/Aliyun/Amazon、Debian/Ubuntu/Raspbian/Deepin的VPS或独立主机安装LNMP【Nginx/MySQL/PHP】、LNMPA【Nginx/MySQL/PHP/Apache】、LAMP【Apache/MySQL/PHP】生产环境的Shell程序。我们为什么需要它?编译安装需要输入大量的命令，如果是配置生产环境需要耗费大量的时间。不会Linux的站长或Linux新手想使用Linux作为生产环境…… 它有什么优势和功能?无需一个一个的输入命令，无需值守，编译安装优化编译参数，提高性能，解决不必要的软件间依赖，特别针对配置自动优化。 支持自定义Nginx、PHP编译参数及网站和数据库目录、支持生成LetseEcrypt证书、LNMP模式支持多PHP版本、支持单独安装Nginx/MySQL/MariaDB/Pureftpd服务器，同时提供一些实用的辅助工具如：虚拟主机管理、FTP用户管理、Nginx、MySQL/MariaDB、PHP的升级、常用缓存组件Redis/Xcache等的安装、重置MySQL root密码、502自动重启、日志切割、SSH防护DenyHosts/Fail2Ban、备份等许多实用脚本。 我们为什么采用LNMP这种架构? 采用Linux、PHP、MySQL的优点我们不必多说。 Nginx是一个小巧而高效的Linux下的Web服务器软件，是由 Igor Sysoev 为俄罗斯访问量第二的 Rambler.ru 站点开发的，已经在一些俄罗斯的大型网站上运行多年，目前很多国内外的门户网站、行业网站也都在是使用Nginx，相当的稳定。 Nginx相当的稳定、功能丰富、安装配置简单、低系统资源…… 本文内容来自 https://lnmp.org/ 非常感谢军哥给予大家的方便 如何获取并安装最新版本的LNMP1、使用putty或类似的SSH工具登陆VPS或服务器； 登陆后运行：screen -S lnmp如果提示screen: command not found 命令不存在可以执行： 如果你使用的系统是Debian、Ubuntuapt-get -y install screen 如果你使用的系统是Centosyum -y install screen 2、下载并安装LNMP一键安装包： 1wget -c http://soft.vpser.net/lnmp/lnmp1.5.tar.gz &amp;&amp; tar zxf lnmp1.5.tar.gz &amp;&amp; cd lnmp1.5 &amp;&amp; ./install.sh lnmp 未完待续","categories":[],"tags":[{"name":"新手教程","slug":"新手教程","permalink":"https://www.lionel.fun/tags/新手教程/"}]},{"title":"LNMP开启TLS1.3","slug":"tls","date":"2018-06-07T13:52:54.000Z","updated":"2018-06-13T17:42:53.067Z","comments":true,"path":"2018/06/07/tls/","link":"","permalink":"https://www.lionel.fun/2018/06/07/tls/","excerpt":"部署openssl-1.1.1pre1 首先下载openssl-1.1.1pre1并解压后,把文件夹重命名为openssl123wget https://www.openssl.org/source/openssl-1.1.1-pre1.tar.gztar xzf openssl-1.1.1-pre1.tar.gzmv openssl-1.1.1-pre1 openssl","text":"部署openssl-1.1.1pre1 首先下载openssl-1.1.1pre1并解压后,把文件夹重命名为openssl123wget https://www.openssl.org/source/openssl-1.1.1-pre1.tar.gztar xzf openssl-1.1.1-pre1.tar.gzmv openssl-1.1.1-pre1 openssl 当前openssl还是在开发阶段,所以版本还未很统一,我选择了兼容性较好的一个,详情更多版本可以看官方github 传送门 修改LNMP升级脚本重新编译Nginx12345cd /root/lnmp1.5/include/rm -rf upgrade_nginx.shwget http://code.gze.me/upgrade_nginx.shcd .../upgrade.sh 然后,后面的选择的版本可以看自己的需要选择,我选择了1.14.0 最后一步,修改Nginx网站配置文件 打开需要开启tls1.3网站的配置文件 &#123; abc.com为你要修改的网站域名 &#125; 1vi /usr/local/nginx/conf/vhost/www.abc.com.conf 替换ssl_protocols参数 加上Tls1.31ssl_protocols TLSv1 TLSv1.1 TLSv1.2 TLSv1.3; 替换ssl_ciphers参数1ssl_ciphers \"TLS13-AES-256-GCM-SHA384:TLS13-AES-128-GCM-SHA256:ECDHE-ECDSA-CHACHA20-POLY1305:ECDHE-RSA-CHACHA20-POLY1305:ECDHE-ECDSA-CHACHA20-POLY1305-D:ECDHE-RSA-CHACHA20-POLY1305-D:ECDHE-ECDSA-AES128-GCM-SHA256:ECDHE-ECDSA-AES256-GCM-SHA384:ECDHE-ECDSA-AES128-SHA256:ECDHE-ECDSA-AES128-SHA:ECDHE-ECDSA-AES256-SHA384:ECDHE-ECDSA-AES256-SHA:ECDHE-RSA-AES128-GCM-SHA256:ECDHE-RSA-AES256-GCM-SHA384:ECDHE-RSA-AES256-SHA:ECDHE-RSA-AES128-SHA256:ECDHE-RSA-AES128-SHA:ECDHE-RSA-AES256-SHA384\"; 然后重启LNMP就有可以看到已经开启成功 未续待完","categories":[],"tags":[{"name":"网络安全","slug":"网络安全","permalink":"https://www.lionel.fun/tags/网络安全/"}]}]}